dir,file,n,dup_ids,dev_overlap,unparsable_lines,no_prediction,mtime
kg,defended_ad_crc-dev+K1_dev+K8_dev+ad_dev_a0.05.jsonl,500,0,0,0,0,1791436085.5395744
kg,defended_ad_crc-dev+K1_dev+K8_dev+ad_dev_a0.05_kge.jsonl,500,0,0,0,0,1791500672.4522493
kg,defended_ad_crc-dev_a0.05.jsonl,500,0,0,0,0,1791472372.3272111
kg,defended_ad_gate-dev+K1_dev+K8_dev+ad_dev_fpr0.02_q0.05.jsonl,500,0,0,0,0,1791475663.308609
kg,defended_ad_gate-dev_fpr0.02_q0.05.jsonl,500,0,0,0,0,1791468761.1897523
kg,defended_ad_gatecrc-dev+K1_dev+K8_dev+ad_dev_a0.05_q0.05.jsonl,500,0,0,0,0,1791480157.9436412
kg,defended_ad_gatecrc-dev_a0.05_q0.05.jsonl,500,0,0,0,0,1791482383.5855224
kg,defended_ad_kge_fpr0.02.jsonl,500,0,0,0,0,1791499370.5579324
kg,defended_ad_learned-dev+K1_dev+K8_dev+ad_dev.jsonl,500,0,0,0,0,1791407045.486832
kg,defended_ad_learned-dev+K1_dev+K8_dev+ad_dev_fpr0.02.jsonl,500,0,0,0,0,1791410851.3122852
kg,defended_ad_learned-dev+K1_dev+K8_dev+ad_dev_fpr0.02_r-Qwen2.5-7B-Instruct.jsonl,500,0,0,0,0,1791430376.326964
kg,defended_ad_learned-dev+K1_dev+K8_dev+ad_dev_fpr0.05.jsonl,500,0,0,0,0,1791411746.6656163
kg,defended_ad_learned-dev.jsonl,500,0,0,0,0,1791404785.3813522
kg,defended_ad_learned-dev_fpr0.02.jsonl,500,0,0,0,0,1791422706.472759
kg,defended_ad_none.jsonl,500,0,0,0,0,1791405389.118528
kg,defended_ad_none_r-Qwen2.5-7B-Instruct.jsonl,500,0,0,0,0,1791429144.7590818
kg,defended_ad_oracle.jsonl,500,0,0,0,0,1791405947.4814775
kg,defended_ad_oracle_r-Qwen2.5-7B-Instruct.jsonl,500,0,0,0,0,1791429708.4726295
kg,defended_ad_ragdefender-clust.jsonl,500,0,0,0,0,1791511937.7420528
kg,defended_ad_ragdefender-conc.jsonl,500,0,0,0,0,1791510962.3180184
kg,defended_ad_ragdefender-oraclen.jsonl,500,0,0,0,0,1791513041.2811747
kg,defended_ad_rels.jsonl,500,0,0,0,0,1791406563.6472921
kg,defended_b8_crc-dev_a0.05.jsonl,500,0,0,0,0,1791466161.4197624
kg,defended_b8_learned-dev_fpr0.02.jsonl,500,0,0,0,0,1791465595.5050333
kg,defended_b8_none.jsonl,500,0,0,0,0,1791464209.86858
kg,defended_b8_oracle.jsonl,500,0,0,0,0,1791464866.1845453
kg,defended_clean_crc-dev+K1_dev+K8_dev+ad_dev_a0.05.jsonl,500,0,0,0,0,1791474623.857471
kg,defended_clean_crc-dev+K1_dev+K8_dev+ad_dev_a0.05_kge.jsonl,500,0,0,0,0,1791502823.9975226
kg,defended_clean_crc-dev_a0.05.jsonl,500,0,0,0,0,1791440428.1716154
kg,defended_clean_gate-dev+K1_dev+K8_dev+ad_dev_fpr0.02_q0.05.jsonl,500,0,0,0,0,1791476897.820158
kg,defended_clean_gate-dev_fpr0.02_q0.05.jsonl,500,0,0,0,0,1791469963.8722847
kg,defended_clean_gatecrc-dev+K1_dev+K8_dev+ad_dev_a0.05_q0.05.jsonl,500,0,0,0,0,1791481259.6433735
kg,defended_clean_gatecrc-dev+K1_dev+K8_dev+ad_dev_a0.05_q0.05_kge.jsonl,500,0,0,0,0,1791505125.309666
kg,defended_clean_gatecrc-dev_a0.05_q0.05.jsonl,500,0,0,0,0,1791483566.915949
kg,defended_clean_learned-dev+K1_dev+K8_dev+ad_dev_fpr0.02.jsonl,500,0,0,0,0,1791474098.8805814
kg,defended_clean_learned-dev.jsonl,500,0,0,0,0,1791439981.7428908
kg,defended_clean_learned-dev_fpr0.02.jsonl,500,0,0,0,0,1791439593.1784325
kg,defended_clean_none.jsonl,500,0,0,0,0,1791439109.7890246
kg,defended_clean_ragdefender-clust.jsonl,500,0,0,0,0,1791514050.2845223
kg,defended_clean_ragdefender-conc.jsonl,500,0,0,0,0,1791513801.2231054
kg,defended_crc-dev+K1_dev+K8_dev+ad_dev_a0.05.jsonl,500,0,0,0,0,1791473568.7147057
kg,defended_crc-dev+K1_dev+K8_dev+ad_dev_a0.05_kge.jsonl,500,0,0,0,0,1791500267.4064112
kg,defended_crc-dev_a0.05.jsonl,500,0,0,0,0,1791435199.4389777
kg,defended_crc-dev_a0.1.jsonl,500,0,0,0,0,1791435619.3583329
kg,defended_cwq_crc-cwq_dev_a0.05.jsonl,500,0,0,0,0,1791438589.0391462
kg,defended_cwq_crc-dev_a0.05.jsonl,500,0,0,0,0,1791438382.6280994
kg,defended_cwq_learned-cwq_dev_fpr0.02.jsonl,500,0,0,0,0,1791417687.2663414
kg,defended_cwq_learned-dev_fpr0.02.jsonl,500,0,0,0,0,1791417474.378188
kg,defended_cwq_none.jsonl,500,0,0,0,0,1791416953.0268204
kg,defended_cwq_oracle.jsonl,500,0,0,0,0,1791417220.2667997
kg,defended_cwq_rels.jsonl,500,0,0,0,0,1791417923.5069878
kg,defended_cwqclean_gatecrc-dev_a0.05_q0.05.jsonl,3231,0,0,0,0,1791498251.153239
kg,defended_cwqclean_none.jsonl,3231,0,0,0,0,1791496973.989561
kg,defended_cwqfull_crc-dev_a0.05.jsonl,3231,0,0,0,0,1791458246.9138901
kg,defended_cwqfull_gatecrc-dev_a0.05_q0.05.jsonl,3231,0,0,0,0,1791495655.2758403
kg,defended_cwqfull_learned-dev_fpr0.02.jsonl,3231,0,0,0,0,1791456666.8025496
kg,defended_cwqfull_none.jsonl,3231,0,0,0,0,1791453400.2648392
kg,defended_cwqfull_oracle.jsonl,3231,0,0,0,0,1791455040.0080488
kg,defended_ev_crc-dev+K1_dev+K8_dev+ad_dev+ev_dev_a0.05.jsonl,500,0,0,0,0,1791437029.024278
kg,defended_ev_crc-dev+K1_dev+K8_dev+ad_dev_a0.05.jsonl,500,0,0,0,0,1791436540.5483122
kg,defended_ev_crc-dev+K1_dev+K8_dev+ad_dev_a0.05_kge.jsonl,500,0,0,0,0,1791501120.8615055
kg,defended_ev_crc-dev_a0.05.jsonl,500,0,0,0,0,1791472954.8025637
kg,defended_ev_gate-dev+K1_dev+K8_dev+ad_dev_fpr0.02_q0.05.jsonl,500,0,0,0,0,1791476308.0948923
kg,defended_ev_gate-dev_fpr0.02_q0.05.jsonl,500,0,0,0,0,1791469414.6928163
kg,defended_ev_gatecrc-dev+K1_dev+K8_dev+ad_dev_a0.05_q0.05.jsonl,500,0,0,0,0,1791480726.8944037
kg,defended_ev_gatecrc-dev+K1_dev+K8_dev+ad_dev_a0.05_q0.05_kge.jsonl,500,0,0,0,0,1791503312.2133229
kg,defended_ev_gatecrc-dev_a0.05_q0.05.jsonl,500,0,0,0,0,1791483010.1475306
kg,defended_ev_kge_fpr0.02.jsonl,500,0,0,0,0,1791499881.131296
kg,defended_ev_learned-dev+K1_dev+K8_dev+ad_dev+ev_dev_fpr0.02.jsonl,500,0,0,0,0,1791426473.559166
kg,defended_ev_learned-dev+K1_dev+K8_dev+ad_dev_fpr0.02.jsonl,500,0,0,0,0,1791426016.182065
kg,defended_ev_learned-dev_fpr0.02.jsonl,500,0,0,0,0,1791425539.8177128
kg,defended_ev_none.jsonl,500,0,0,0,0,1791424562.2476346
kg,defended_ev_oracle.jsonl,500,0,0,0,0,1791425062.6032727
kg,defended_ev_ragdefender-clust.jsonl,500,0,0,0,0,1791512202.4211776
kg,defended_ev_ragdefender-conc.jsonl,500,0,0,0,0,1791511365.13274
kg,defended_ev_ragdefender-oraclen.jsonl,500,0,0,0,0,1791513454.7085328
kg,defended_fb_crc-dev+K1_dev+K8_dev+ad_dev_a0.05.jsonl,500,0,0,0,0,1791491058.8139799
kg,defended_fb_crc-dev+K1_dev+K8_dev+ad_dev_a0.05_kge.jsonl,500,0,0,0,0,1791501980.2517364
kg,defended_fb_gatecrc-dev+K1_dev+K8_dev+ad_dev_a0.05_q0.05.jsonl,500,0,0,0,0,1791490500.2352748
kg,defended_fb_gatecrc-dev+K1_dev+K8_dev+ad_dev_a0.05_q0.05_kge.jsonl,500,0,0,0,0,1791504259.600032
kg,defended_fb_gatecrc-dev_a0.05_q0.05.jsonl,500,0,0,0,0,1791491653.4375336
kg,defended_fb_none.jsonl,500,0,0,0,0,1791489307.7175338
kg,defended_fb_oracle.jsonl,500,0,0,0,0,1791489886.4520268
kg,defended_fp_crc-dev+K1_dev+K8_dev+ad_dev_a0.05.jsonl,500,0,0,0,0,1791488017.3323948
kg,defended_fp_crc-dev+K1_dev+K8_dev+ad_dev_a0.05_kge.jsonl,500,0,0,0,0,1791501527.9311209
kg,defended_fp_gatecrc-dev+K1_dev+K8_dev+ad_dev_a0.05_q0.05.jsonl,500,0,0,0,0,1791487518.1628654
kg,defended_fp_gatecrc-dev+K1_dev+K8_dev+ad_dev_a0.05_q0.05_kge.jsonl,500,0,0,0,0,1791503772.8872547
kg,defended_fp_gatecrc-dev_a0.05_q0.05.jsonl,500,0,0,0,0,1791488570.8335176
kg,defended_fp_none.jsonl,500,0,0,0,0,1791486293.3054798
kg,defended_fp_oracle.jsonl,500,0,0,0,0,1791486907.9277186
kg,defended_fs_crc-dev+K1_dev+K8_dev+ad_dev_a0.05.jsonl,500,0,0,0,0,1791493727.1412866
kg,defended_fs_crc-dev+K1_dev+K8_dev+ad_dev_a0.05_kge.jsonl,500,0,0,0,0,1791502395.7772694
kg,defended_fs_gatecrc-dev+K1_dev+K8_dev+ad_dev_a0.05_q0.05.jsonl,500,0,0,0,0,1791493238.9621048
kg,defended_fs_gatecrc-dev+K1_dev+K8_dev+ad_dev_a0.05_q0.05_kge.jsonl,500,0,0,0,0,1791504691.7329152
kg,defended_fs_gatecrc-dev_a0.05_q0.05.jsonl,500,0,0,0,0,1791494196.9744027
kg,defended_fs_none.jsonl,500,0,0,0,0,1791492270.6923785
kg,defended_fs_oracle.jsonl,500,0,0,0,0,1791492766.4417534
kg,defended_full_crc-dev_a0.05.jsonl,1328,0,0,0,0,1791438172.8770359
kg,defended_full_learned-dev_fpr0.02.jsonl,1328,0,0,0,0,1791413371.9304686
kg,defended_full_none.jsonl,1328,0,0,0,0,1791408776.1060288
kg,defended_full_oracle.jsonl,1328,0,0,0,0,1791412160.2165322
kg,defended_full_rels.jsonl,1328,0,0,0,0,1791414530.0316362
kg,defended_fullad_learned-dev+K1_dev+K8_dev+ad_dev_fpr0.02.jsonl,1328,0,0,0,0,1791422195.7674723
kg,defended_fullad_learned-dev_fpr0.02.jsonl,1328,0,0,0,0,1791423914.192846
kg,defended_fullad_none.jsonl,1328,0,0,0,0,1791419675.3772366
kg,defended_fullad_oracle.jsonl,1328,0,0,0,0,1791421036.5823374
kg,defended_gate-dev+K1_dev+K8_dev+ad_dev_fpr0.02_q0.05.jsonl,500,0,0,0,0,1791475149.506439
kg,defended_gate-dev_fpr0.02_q0.05.jsonl,500,0,0,0,0,1791468186.1970887
kg,defended_gatecrc-dev+K1_dev+K8_dev+ad_dev_a0.05_q0.05.jsonl,500,0,0,0,0,1791479671.8361263
kg,defended_gatecrc-dev+K1_dev+K8_dev+ad_dev_a0.05_q0.05_kge.jsonl,500,0,0,0,0,1791505525.3724241
kg,defended_gatecrc-dev_a0.05_q0.05.jsonl,500,0,0,0,0,1791481774.8570142
kg,defended_kge_fpr0.02.jsonl,500,0,0,0,0,1791498852.8393745
kg,defended_learned-dev+K1_dev+K8_dev+ad_dev_fpr0.02.jsonl,500,0,0,0,0,1791467652.1308155
kg,defended_learned-dev.jsonl,500,0,0,0,0,1791404307.4692073
kg,defended_learned-dev_fpr0.02.jsonl,500,0,0,0,0,1791410349.95487
kg,defended_learned-dev_fpr0.02_r-Qwen2.5-7B-Instruct.jsonl,500,0,0,0,0,1791428502.7134483
kg,defended_learned-dev_fpr0.05.jsonl,500,0,0,0,0,1791411276.2493427
kg,defended_none.jsonl,500,0,0,0,0,1791397437.6338348
kg,defended_none_r-Qwen2.5-7B-Instruct.jsonl,500,0,0,0,0,1791427292.5134265
kg,defended_oracle.jsonl,500,0,0,0,0,1791400328.8795283
kg,defended_oracle_r-Qwen2.5-7B-Instruct.jsonl,500,0,0,0,0,1791427861.2813022
kg,defended_perplexity.jsonl,500,0,0,0,0,1791440968.843047
kg,defended_ragdefender-clust.jsonl,500,0,0,0,0,1791511652.8639474
kg,defended_ragdefender-conc.jsonl,500,0,0,0,0,1791510503.776211
kg,defended_ragdefender-oraclen.jsonl,500,0,0,0,0,1791512628.5051386
kg,defended_rels+verify.jsonl,500,0,0,0,0,1791402462.6575289
kg,defended_rels.jsonl,500,0,0,0,0,1791400793.232284
kg,defended_s1_learned-dev_fpr0.02.jsonl,500,0,0,0,0,1791432471.6710563
kg,defended_s1_none.jsonl,500,0,0,0,0,1791431362.3100922
kg,defended_s1_oracle.jsonl,500,0,0,0,0,1791431922.6586976
kg,defended_s2_learned-dev_fpr0.02.jsonl,500,0,0,0,0,1791434364.6492825
kg,defended_s2_none.jsonl,500,0,0,0,0,1791433408.6692433
kg,defended_s2_oracle.jsonl,500,0,0,0,0,1791433886.7718325
kg,defended_s3_learned-dev_fpr0.02.jsonl,500,0,0,0,0,1791442942.3519275
kg,defended_s3_none.jsonl,500,0,0,0,0,1791441926.4512632
kg,defended_s3_oracle.jsonl,500,0,0,0,0,1791442426.4274962
kg,defended_s4_learned-dev_fpr0.02.jsonl,500,0,0,0,0,1791445172.3521223
kg,defended_s4_none.jsonl,500,0,0,0,0,1791443998.5328808
kg,defended_s4_oracle.jsonl,500,0,0,0,0,1791444571.8882234
kg,defended_similarity.jsonl,500,0,0,0,0,1791401330.8081844
kg,defended_verify.jsonl,500,0,0,0,0,1791401929.2286649
kg_strict,defended_ad_gatecrc-dev+K1_dev+K8_dev+ad_dev_a0.05_q0.05.jsonl,500,0,0,0,0,1791558272.4511313
kg_strict,defended_ad_gatecrc-dev_a0.05_q0.05.jsonl,500,0,0,0,0,1791565288.3601687
kg_strict,defended_ad_oracle_fpr0.02.jsonl,500,0,0,0,0,1791536664.5582848
kg_strict,defended_clean_gatecrc-dev+K1_dev+K8_dev+ad_dev_a0.05_q0.05.jsonl,500,0,0,0,0,1791560651.8725686
kg_strict,defended_clean_gatecrc-dev_a0.05_q0.05.jsonl,500,0,0,0,0,1791567776.4945948
kg_strict,defended_crc-dev_a0.05.jsonl,500,0,0,0,0,1791538931.5473669
kg_strict,defended_cwqfull_crc-dev_a0.05.jsonl,3231,0,0,0,0,1791542454.5918028
kg_strict,defended_cwqfull_oracle_fpr0.02.jsonl,3231,0,0,0,0,1791543751.955367
kg_strict,defended_ev_gatecrc-dev+K1_dev+K8_dev+ad_dev_a0.05_q0.05.jsonl,500,0,0,0,0,1791558750.5431893
kg_strict,defended_ev_gatecrc-dev_a0.05_q0.05.jsonl,500,0,0,0,0,1791565830.158497
kg_strict,defended_ev_oracle_fpr0.02.jsonl,500,0,0,0,0,1791537110.145229
kg_strict,defended_fb_gatecrc-dev+K1_dev+K8_dev+ad_dev_a0.05_q0.05.jsonl,500,0,0,0,0,1791559704.3192337
kg_strict,defended_fb_gatecrc-dev_a0.05_q0.05.jsonl,500,0,0,0,0,1791566823.8319466
kg_strict,defended_fb_oracle_fpr0.02.jsonl,500,0,0,0,0,1791538018.402385
kg_strict,defended_fp_gatecrc-dev+K1_dev+K8_dev+ad_dev_a0.05_q0.05.jsonl,500,0,0,0,0,1791559227.6453953
kg_strict,defended_fp_gatecrc-dev_a0.05_q0.05.jsonl,500,0,0,0,0,1791566332.170237
kg_strict,defended_fp_oracle_fpr0.02.jsonl,500,0,0,0,0,1791537563.2374609
kg_strict,defended_fs_gatecrc-dev+K1_dev+K8_dev+ad_dev_a0.05_q0.05.jsonl,500,0,0,0,0,1791560189.5652747
kg_strict,defended_fs_gatecrc-dev_a0.05_q0.05.jsonl,500,0,0,0,0,1791567289.982114
kg_strict,defended_fs_oracle_fpr0.02.jsonl,500,0,0,0,0,1791538477.8788583
kg_strict,defended_full_crc-dev_a0.05.jsonl,1328,0,0,0,0,1791540018.2312171
kg_strict,defended_full_oracle_fpr0.02.jsonl,1328,0,0,0,0,1791541124.7546017
kg_strict,defended_gatecrc-dev+K1_dev+K8_dev+ad_dev_a0.05_q0.05.jsonl,500,0,0,0,0,1791557860.1084585
kg_strict,defended_gatecrc-dev_a0.05_q0.05.jsonl,500,0,0,0,0,1791564807.208027
kg_strict,defended_oracle_fpr0.02.jsonl,500,0,0,0,0,1791536211.353165
kg_mg,defended_clean_gatecrc-dev+K1_dev+K8_dev+ad_dev_a0.05_q0.05.jsonl,500,0,0,0,0,1791561959.94365
kg_mg,defended_clean_none_fpr0.02.jsonl,500,0,0,0,0,1791546244.4579544
kg_mg,defended_gatecrc-dev+K1_dev+K8_dev+ad_dev_a0.05_q0.05.jsonl,500,0,0,0,0,1791561300.5514216
kg_mg,defended_none_fpr0.02.jsonl,500,0,0,0,0,1791544488.250093
kg_mg,defended_oracle_fpr0.02.jsonl,500,0,0,0,0,1791545048.0678432
bf16,defended_full_crc-dev_a0.05.jsonl,1328,0,0,0,0,1791519005.0
bf16,defended_full_crc-dev_a0.1.jsonl,1328,0,0,0,0,1791520243.0
bf16,defended_full_learned-dev.jsonl,1328,0,0,0,0,1791515029.0
bf16,defended_full_learned-dev_fpr0.02.jsonl,1328,0,0,0,0,1791517659.0
bf16,defended_full_learned-dev_fpr0.05.jsonl,1328,0,0,0,0,1791516278.0
bf16,defended_full_none.jsonl,1328,0,0,0,0,1791510538.0
bf16,defended_full_oracle.jsonl,1328,0,0,0,0,1791512076.0
bf16,defended_full_rels.jsonl,1328,0,0,0,0,1791513654.0
bf16,defended_fullad_crc-dev+K1_dev+K8_dev+ad_dev_a0.05.jsonl,1328,0,0,0,0,1791534944.0
bf16,defended_fullad_crc-dev+K1_dev+K8_dev+ad_dev_a0.1.jsonl,1328,0,0,0,0,1791536412.0
bf16,defended_fullad_learned-dev+K1_dev+K8_dev+ad_dev.jsonl,1328,0,0,0,0,1791531093.0
bf16,defended_fullad_learned-dev+K1_dev+K8_dev+ad_dev_fpr0.02.jsonl,1328,0,0,0,0,1791533507.0
bf16,defended_fullad_learned-dev+K1_dev+K8_dev+ad_dev_fpr0.05.jsonl,1328,0,0,0,0,1791532242.0
bf16,defended_fullad_learned-dev.jsonl,1328,0,0,0,0,1791526908.0
bf16,defended_fullad_learned-dev_fpr0.02.jsonl,1328,0,0,0,0,1791529674.0
bf16,defended_fullad_learned-dev_fpr0.05.jsonl,1328,0,0,0,0,1791528345.0
bf16,defended_fullad_none.jsonl,1328,0,0,0,0,1791522233.0
bf16,defended_fullad_oracle.jsonl,1328,0,0,0,0,1791523789.0
bf16,defended_fullad_rels.jsonl,1328,0,0,0,0,1791525556.0
bf16,defended_fullev_crc-dev+K1_dev+K8_dev+ad_dev+ev_dev_a0.05.jsonl,1328,0,0,0,0,1791557277.0
bf16,defended_fullev_crc-dev+K1_dev+K8_dev+ad_dev+ev_dev_a0.1.jsonl,1328,0,0,0,0,1791560113.0
bf16,defended_fullev_crc-dev+K1_dev+K8_dev+ad_dev_a0.05.jsonl,1328,0,0,0,0,1791555671.0
bf16,defended_fullev_crc-dev+K1_dev+K8_dev+ad_dev_a0.1.jsonl,1328,0,0,0,0,1791558806.0
bf16,defended_fullev_learned-dev+K1_dev+K8_dev+ad_dev+ev_dev.jsonl,1328,0,0,0,0,1791548365.0
bf16,defended_fullev_learned-dev+K1_dev+K8_dev+ad_dev+ev_dev_fpr0.02.jsonl,1328,0,0,0,0,1791553897.0
bf16,defended_fullev_learned-dev+K1_dev+K8_dev+ad_dev+ev_dev_fpr0.05.jsonl,1328,0,0,0,0,1791550837.0
bf16,defended_fullev_learned-dev+K1_dev+K8_dev+ad_dev.jsonl,1328,0,0,0,0,1791547249.0
bf16,defended_fullev_learned-dev+K1_dev+K8_dev+ad_dev_fpr0.02.jsonl,1328,0,0,0,0,1791552178.0
bf16,defended_fullev_learned-dev+K1_dev+K8_dev+ad_dev_fpr0.05.jsonl,1328,0,0,0,0,1791549613.0
bf16,defended_fullev_learned-dev.jsonl,1328,0,0,0,0,1791543156.0
bf16,defended_fullev_learned-dev_fpr0.02.jsonl,1328,0,0,0,0,1791546071.0
bf16,defended_fullev_learned-dev_fpr0.05.jsonl,1328,0,0,0,0,1791544622.0
bf16,defended_fullev_none.jsonl,1328,0,0,0,0,1791538320.0
bf16,defended_fullev_oracle.jsonl,1328,0,0,0,0,1791539644.0
bf16,defended_fullev_rels.jsonl,1328,0,0,0,0,1791541778.0
